{"intents": [
        {"tag": "greetings",
         "patterns": ["hi, hello, how are you?"],
         "responses": ["Hello, welcome. Choose amy of the below.\n\t Name of College,\n\t Courses Available,\n\t College Timings,\n\t Course and Intake,\n\t Alumini,\n\t Reference Contact Number,\n\t Facilities"],
         "context": ["Hello, welcome"]
        },
        {"tag": "Name of College",
         "patterns": ["College name", "name of the college", "which college", "What college", "hmm?,"],
         "responses": ["Vidyavardhinis College of Engineering and Technology"],
         "context": ["Vidyavardhinis College of Engineering and Technology"]
        },
        {"tag": "Courses Available",
         "patterns": ["Courses Available"],
         "responses": ["Mechanical Engineering,\n Computer Engineering,\n Information Technology ,\n Electronics and Telecommunication,\n Artificial Intelligence and data science"],
         "context": ["Mechanical Engineering ,\n Computer Engineering,\n Information Technology,\n Electronics and Telecommunication,\n Artificial Intelligence and data science"]
        },
        {"tag": "Computer Engineering",
         "patterns": ["Computer Engineering"],
         "responses": ["The Department of Computer Engineering was established in the year 1999 with the objective of\n imparting knowledge and developing practical skills in various areas of computer engineering.\n  The Department offers an undergraduate programme in Computer Engineering with a current intake of 180 seats.\n The Department was accredited by the National Board of Accreditation from 2012–2015,\nreaccredited from July 2022 to June 2025, and is permanently affiliated to the University of Mumbai."],
         "context": ["The Department of Computer Engineering was established in the year 1999 with the objective of\n imparting knowledge and developing practical skills in various areas of computer engineering.\n The Department offers an undergraduate programme in Computer Engineering with a current intake of 180 seats.\n The Department was accredited by the National Board of Accreditation from 2012–2015, \nreaccredited from July 2022 to June 2025, and is permanently affiliated to the University of Mumbai"]
        },
         {"tag": "Information Technology",
         "patterns": ["Information Technology"],
         "responses": ["Established in 2000, the Department of Information Technology is amongst the premier Departments of VCET.\nCurrently, it is running Under Graduate program, B.E in Information Technology with an intake of 60 seats. \nThe Department is accredited by National Board of Accreditation (NBA) accredited from July 2022 to June 2025 and is affiliated to University of Mumbai.\n"],
         "context": ["Established in 2000, the Department of Information Technology is amongst the premier Departments of VCET.\nCurrently, it is running Under Graduate program, B.E in Information Technology with an intake of 60 seats. \nThe Department is accredited by National Board of Accreditation (NBA) accredited from July 2022 to June 2025 and is affiliated to University of Mumbai.\n"]
         },
        {"tag": "Artificial Intelligence and Data Science",
         "patterns": ["Artificial Intelligence and Data Science"],
         "responses": ["The Artificial Intelligence & Data Science Department was established in the year 2019.\n Having started with a four-year undergraduate program, B. E. (Computer Engineering),\n the department is willing to start the Post Graduate Program,\n M. E. AI&DS with specializations, shortly in coming days."],
         "context": ["The Artificial Intelligence & Data Science Department was established in the year 2019.\n Having started with a four-year undergraduate program, B. E. (Computer Engineering),\n the department is willing to start the Post Graduate Program,\n M. E. AI&DS with specializations, shortly in coming days."]
        },
        {"tag": "Computer Science and Engineering (Data Science)",
         "patterns": ["Computer Science and Engineering (Data Science)"],
         "responses":  ["Computer Science and Engineering(Data Science)\nThe Computer Science & Engineering ( Data Science)Department is established in the year 2019.\nHaving started with a four-year undergraduate program, B. E. (CSE -DS), the department is willing to start the Post Graduate Program, M. E. CSE-DS with specializations, shortly in coming days.\n"],
         "context": ["Computer Science and Engineering(Data Science)\nThe Computer Science & Engineering ( Data Science)Department is established in the year 2019.\nHaving started with a four-year undergraduate program, B. E. (CSE -DS), the department is willing to start the Post Graduate Program, M. E. CSE-DS with specializations, shortly in coming days.\n"]
        },
        {"tag": "Mechanical Engineering",
         "patterns": ["Mechanical Engineering"],
         "responses": ["Established in 1994, the Department of Mechanical Engineering is amongst the premier Departments of VCET\nCurrently, it is running Under Graduate program, B.E in Mechanical Engineering with an intake of 60 seats.\nthe Department is accredited by National Board of Accreditation (NBA) from 2012- 2015, reaccredited from July 2022 to June 2025 and is permanently affiliated to University of Mumbai.\n"],
         "context": ["Established in 1994, the Department of Mechanical Engineering is amongst the premier Departments of VCET\nCurrently, it is running Under Graduate program, B.E in Mechanical Engineering with an intake of 60 seats.\nthe Department is accredited by National Board of Accreditation (NBA) from 2012- 2015, reaccredited from July 2022 to June 2025 and is permanently affiliated to University of Mumbai.\n"]
        },
        {"tag": "College Timings",
         "patterns": ["College Timings" ],
         "responses": ["Monday to Friday, 9 Am to 5 pm"],
         "context": ["Monday to Friday, 9 Am to 5 pm"]
        },
        {"tag": "Course and Intake",
         "patterns": ["Course and Intake" ],
         "responses": ["Computer Engineering: 180, \n Information Technology:69,\n Mechanical Engineering : 60,\n Artificial intelligenece and data science: 60"],
         "context": [""]
        },
        {"tag": "Alumni",
         "patterns": ["Alumni"],
         "responses": ["Dr. Archana Ekbote: Dean Alumni, Ms. Kanchan Sarmalkar: Co-ordinator (INST), Ms. Madhumita Datta"],
         "context": ["sDr. Archana Ekbote: Dean Alumni, Ms. Kanchan Sarmalkar: Co-ordinator (INST), Ms. Madhumita Datta"]
        },
        {"tag": "Reference Contact Number",
         "patterns": ["Reference Contact Number"],
         "responses": ["8282934782"],
         "context": ["282934782"]
        },
        {"tag": "Facilities",
         "patterns": ["Facilities"],
         "responses": ["\tLibrary\n\tCounseling cell\n\tLadies common room\n\tSports and gymkhana\n"],
         "context": ["\tLibrary\n\tCounseling cell\n\tLadies common room\n\tSports and gymkhana\n"]
        },
        {"tag": "Library",
         "patterns": ["Library"],
         "responses": ["Counter and Reading Room Timings : Monday to Friday (8.30 a.m. to 6.00 pm)\nTiming during Examination Period : Monday to Saturday (8.30 a.m. to 8.00 p.m.)\nClosed on Saturday and Sunday and University declared holidays\n"],
         "context": ["Counter and Reading Room Timings : Monday to Friday (8.30 a.m. to 6.00 pm)\nTiming during Examination Period : Monday to Saturday (8.30 a.m. to 8.00 p.m.)\nClosed on Saturday and Sunday and University declared holidays\n"]
        },
        {"tag": "Councelling Cell",
         "patterns": ["Councelling Cell"],
         "responses": ["Ms. Poonam Surange Phycologist is in charge for counseling cell for the past ten years. The counseling services are provided at the individual as well as the group level. Orientation and life skill training are also part of the activities. The purpose of the Counseling cell is to provide assistance to the students in dealing with their problems and enable them to resolve their issues independently. The duration of Counseling sessions depends on the need and complexity of the problem."],
         "context": ["Ms. Poonam Surange Phycologist is in charge for counseling cell for the past ten years. The counseling services are provided at the individual as well as the group level. Orientation and life skill training are also part of the activities. The purpose of the Counseling cell is to provide assistance to the students in dealing with their problems and enable them to resolve their issues independently. The duration of Counseling sessions depends on the need and complexity of the problem."]
        },
         {"tag": "Ladies Common Room",
         "patterns": ["Ladies Common Room"],
         "responses": ["A Ladies common room with contented seating arrangement is made available to all girl students and Lady Faculty members of the college. An additional room is equipped with dressing corner, toiletries, and a huge mirror. The girl students spend productive time reading books, newspapers, and other informative material."],
         "context": ["A Ladies common room with contented seating arrangement is made available to all girl students and Lady Faculty members of the college. An additional room is equipped with dressing corner, toiletries, and a huge mirror. The girl students spend productive time reading books, newspapers, and other informative material."]
        },
        {"tag": "Sports and Gymkhaana",
         "patterns": ["Sports and Gymkhaana"],
         "responses": ["The Sports Committee organizes its annual Sports fest AVAHAN, 11-day long Inter and Intra college event. We aim at culminating our eleven days of sports celebration (festivities) into a grandeur of enthusiasm and thrill, goosebumps, and the sounds of victory, strategy, and skill."],
         "context": ["The Sports Committee organizes its annual Sports fest AVAHAN, 11-day long Inter and Intra college event. We aim at culminating our eleven days of sports celebration (festivities) into a grandeur of enthusiasm and thrill, goosebumps, and the sounds of victory, strategy, and skill."]
        }
]
}
